n_rows,n_seasons,n_divisions,unique_teams,home_pct,draw_pct,away_pct,rows_with_odds
514,1,0,116,0.44163424124513617,0.24124513618677043,0.31712062256809337,502
